gene_id,loop_id,number,nuc_id,gene_name,exp_name,stable_range,sequence,dot_bracket
b0747,L12,"12, 13, 14",UCA,lysY,ecoli_invivo,1-72,GGGTCGTTAGCTCAGTTGGTAGAGCAGTTGACTTTTAATCAATTGGTCGCAGGTTCGAATCCTGCACGACCC,(((((((((((...))))...((.(((((((.......))))))).))(((((.......))))))))))))
b0747,L32,"32, 33, 34, 35, 36, 37, 38",CUUUUAA,lysY,ecoli_invivo,1-72,GGGTCGTTAGCTCAGTTGGTAGAGCAGTTGACTTTTAATCAATTGGTCGCAGGTTCGAATCCTGCACGACCC,(((((((((((...))))...((.(((((((.......))))))).))(((((.......))))))))))))
b0747,L54,"54, 55, 56, 57, 58, 59, 60",UUCGAAU,lysY,ecoli_invivo,1-72,GGGTCGTTAGCTCAGTTGGTAGAGCAGTTGACTTTTAATCAATTGGTCGCAGGTTCGAATCCTGCACGACCC,(((((((((((...))))...((.(((((((.......))))))).))(((((.......))))))))))))
b1910,L11,"12, 13, 14, 15, 16, 17",AAAGCG,cysT,ecoli_invivo,2-69,GCGCGTTAACAAAGCGGTTATGTAGCGGATTGCAAATCCGTCTAGTCCGGTTCGACTCCGGAACGCGC,((((((.(((......)))...((((((((.....))))).))).(((((.......)))))))))))
b1910,L31,"32, 33, 34, 35, 36",UGCAA,cysT,ecoli_invivo,2-69,GCGCGTTAACAAAGCGGTTATGTAGCGGATTGCAAATCCGTCTAGTCCGGTTCGACTCCGGAACGCGC,((((((.(((......)))...((((((((.....))))).))).(((((.......)))))))))))
b1910,L51,"52, 53, 54, 55, 56, 57, 58",UUCGACU,cysT,ecoli_invivo,2-69,GCGCGTTAACAAAGCGGTTATGTAGCGGATTGCAAATCCGTCTAGTCCGGTTCGACTCCGGAACGCGC,((((((.(((......)))...((((((((.....))))).))).(((((.......)))))))))))
b3300,L252,"253, 254, 255, 256, 257, 258, 259",UAUAUUU,secY,ecoli_invivo,218-369,GCCGTGCTTCTATCTTTGCTCTGGGGATCATGCCGTATATTTCGGCGTCGATCATTATCCAGCTGCTGACGGTGGTTCACCCAACGTTGGCAGAAATTAAGAAAGAAGGGGAGTCTGGTCGTCGTAAGATCAGCCAGTACACCCGCTACGGT,(((((.(((((.((((....(((((((((((((((.......)))))).))))....)))))(((((((((.(((.....))).))))))))).....)))).)))))(((.(((((((.(((....)))..))))).)).)))...)))))
b3300,L292,"293, 294, 295, 296, 297",UUCAC,secY,ecoli_invivo,218-369,GCCGTGCTTCTATCTTTGCTCTGGGGATCATGCCGTATATTTCGGCGTCGATCATTATCCAGCTGCTGACGGTGGTTCACCCAACGTTGGCAGAAATTAAGAAAGAAGGGGAGTCTGGTCGTCGTAAGATCAGCCAGTACACCCGCTACGGT,(((((.(((((.((((....(((((((((((((((.......)))))).))))....)))))(((((((((.(((.....))).))))))))).....)))).)))))(((.(((((((.(((....)))..))))).)).)))...)))))
b3300,L340,"341, 342, 343, 344",GUAA,secY,ecoli_invivo,218-369,GCCGTGCTTCTATCTTTGCTCTGGGGATCATGCCGTATATTTCGGCGTCGATCATTATCCAGCTGCTGACGGTGGTTCACCCAACGTTGGCAGAAATTAAGAAAGAAGGGGAGTCTGGTCGTCGTAAGATCAGCCAGTACACCCGCTACGGT,(((((.(((((.((((....(((((((((((((((.......)))))).))))....)))))(((((((((.(((.....))).))))))))).....)))).)))))(((.(((((((.(((....)))..))))).)).)))...)))))
b3797,L15,"15, 16, 17, 18, 19, 20, 21, 22",AGUUGGUA,hisR,ecoli_invivo,1-74,GGTGGCTATAGCTCAGTTGGTAGAGCCCTGGATTGTGATTCCAGTTGTCGTGGGTTCGAATCCCATTAGCCACC,(((((((...((((........)))).(((((.......))))).....(((((.......))))).)))))))
b3797,L33,"33, 34, 35, 36, 37, 38, 39",UUGUGAU,hisR,ecoli_invivo,1-74,GGTGGCTATAGCTCAGTTGGTAGAGCCCTGGATTGTGATTCCAGTTGTCGTGGGTTCGAATCCCATTAGCCACC,(((((((...((((........)))).(((((.......))))).....(((((.......))))).)))))))
b3797,L55,"55, 56, 57, 58, 59, 60, 61",UUCGAAU,hisR,ecoli_invivo,1-74,GGTGGCTATAGCTCAGTTGGTAGAGCCCTGGATTGTGATTCCAGTTGTCGTGGGTTCGAATCCCATTAGCCACC,(((((((...((((........)))).(((((.......))))).....(((((.......))))).)))))))
